{
    "acc": 0.6829268292682927,
    "pre": 0.6343283582089553,
    "recall": 0.3483606557377049,
    "f1score": 0.4497354497354497
}
