{
    "acc": 0.6865464632454924,
    "pre": 0.6375838926174496,
    "recall": 0.35580524344569286,
    "f1score": 0.4567307692307692
}
